{
  "runtime": "Net70",
  "defaultVariables": null,
  "documentGenerator": {
    "fromDocument": {
      "url": "./notalone.workspace.api.json",
      "output": null
    }
  },
  "codeGenerators": {
    "openApiToTypeScriptClient": {
      "className": "notaloneWorkspaceApi",
      "moduleName": "",
      "namespace": "",
      "typeScriptVersion": 4.7,
      "template": "Angular",
      "promiseType": "Promise",
      "httpClass": "HttpClient",
      "useSingletonProvider": true,
      "injectionTokenType": "InjectionToken",
      "rxJsVersion": 7.5,
      "dateTimeType": "dayjs",
      "nullValue": "Undefined",
      "generateClientClasses": true,
      "generateClientInterfaces": false,
      "generateOptionalParameters": true,
      "exportTypes": true,
      "wrapDtoExceptions": false,
      "exceptionClass": "SwaggerException",
      "clientBaseClass": "ClientBase",
      "wrapResponses": false,
      "wrapResponseMethods": [],
      "generateResponseClasses": true,
      "responseClass": "SwaggerResponse",
      "protectedMethods": [],
      "configurationClass": null,
      "useTransformOptionsMethod": true,
      "useTransformResultMethod": false,
      "generateDtoTypes": true,
      "operationGenerationMode": "MultipleClientsFromOperationId",
      "markOptionalProperties": true,
      "generateCloneMethod": true,
      "typeStyle": "Class",
      "classTypes": [],
      "extendedClasses": [],
      "extensionCode": "../../src/app/api/base.api.ts",
      "generateDefaultValues": true,
      "excludedTypeNames": [],
      "excludedParameterNames": [],
      "handleReferences": false,
      "generateConstructorInterface": true,
      "convertConstructorInterfaceData": false,
      "importRequiredTypes": true,
      "useGetBaseUrlMethod": false,
      "baseUrlTokenName": "WORKSPACE_API_BASE_URL",
      "queryNullValue": "",
      "inlineNamedDictionaries": false,
      "inlineNamedAny": false,
      "templateDirectory": null,
      "typeNameGeneratorType": null,
      "propertyNameGeneratorType": null,
      "enumNameGeneratorType": null,
      "serviceHost": null,
      "serviceSchemes": null,
      "output": "../../src/app/api/notalone.workspace.api.ts"
    }
  }
}
